ID	Gene Name	Protein Sequence	Sequence	Ad	Th	Gu	Cy	A	R	N	D	C	Q	E	G	H	I	L	K	M	F	P	S	T	W	Y	V	L_CTG	I_ATT	R_CGG	F_TTT	L_CTC	A_GCG	E_GAA	A_GCT	K_AAA	E_GAG	R_CGC	V_GTG	I_ATC	C_TGT	R_AGA	S_TCT	T_ACT	V_GTT	R_CGT	N_AAC	G_GGG	L_TTA	W_TGG	L_CTA	K_AAG	R_AGG	R_CGA	Y_TAC	T_ACG	G_GGT	S_TCC	D_GAC	S_AGT	H_CAT	V_GTA	M_ATG	N_AAT	A_GCA	T_ACC	D_GAT	G_GGC	I_ATA	T_ACA	P_CCA	F_TTC	P_CCG	C_TGC	L_TTG	A_GCC	S_TCA	L_CTT	Y_TAT	H_CAC	S_AGC	S_TCG	Q_CAG	V_GTC	P_CCC	G_GGA	Q_CAA	P_CCT	GC_Content	Codons_with_c_at_first_or_second_pos	Codons_with_g_at_first_or_second_pos	Codons_with_c_at_third_pos	Codons_with_g_at_third_pos
YBR112C	CYC8	PNDQGNPLNTRISAQSANATASMVQQQHPAQQTPINSSATMYSNGASPQLQAQAQAQAQAQAQAQAQAQAQAQAQAQAQAQAQAQAQAQAQAQAHAQAQAQAQAQAQAQAQAQAQQQQQQQQQQQQQQQQQQQQQQQQQQQQQQQLQPLPRQQLQQKGVSVQMLNPQQGQPYITQPTVIQAHQLQPFSTQAMEHPQSSQLPPQQQQLQSVQHPQQLQGQPQAQAPQPLIQHNVEQNVLPQ	CCTAATGATCAAGGAAATCCTTTGAACACTAGAATTTCAGCCCAATCTGCCAATGCTACTGCTTCAATGGTACAACAACAGCATCCTGCTCAACAAACGCCTATTAACTCTTCTGCAACAATGTACAGTAATGGAGCTTCCCCTCAATTACAAGCTCAAGCTCAAGCTCAAGCTCAAGCACAAGCTCAAGCACAAGCACAAGCTCAAGCACAAGCACAAGCACAAGCGCAAGCACAAGCACAAGCACAGGCGCAAGCACAGGCACAAGCACAAGCACAAGCACATGCACAAGCGCAAGCACAAGCACAAGCACAGGCACAAGCACAAGCACAGGCGCAGGCACAACAACAACAACAACAACAGCAACAACAACAACAACAACAACAACAACAACAACAACAACAACAACAACAACAACAACAACAGCAGCAGCAATTACAGCCCCTACCAAGACAACAGCTGCAGCAAAAGGGAGTTTCTGTGCAAATGTTAAATCCTCAACAAGGGCAACCATATATCACACAGCCAACAGTCATACAAGCTCACCAACTGCAACCATTTTCTACACAAGCTATGGAACATCCGCAAAGCTCTCAACTGCCACCTCAACAGCAACAACTACAATCTGTTCAACATCCACAACAACTTCAAGGCCAGCCTCAAGCCCAAGCTCCCCAACCTTTAATCCAGCATAACGTGGAACAGAACGTTTTACCTCAA	40	13.88888889	14.30555556	31.80555556	17.91666667	0.833333333	3.75	0.416666667	0	42.5	0.833333333	2.083333333	2.5	2.083333333	5	0.416666667	1.666666667	0.416666667	7.916666667	5	2.916666667	0	0.833333333	2.916666667	1.25	0.833333333	0	0.416666667	0	1.666666667	0.833333333	5.416666667	0	0	0	0.833333333	0.833333333	0	0.833333333	2.916666667	0.833333333	1.25	0	1.666666667	0.416666667	2.083333333	0	0.833333333	0.416666667	0	0	0.416666667	0.416666667	0	0.416666667	0	0.416666667	2.083333333	0.416666667	1.666666667	2.083333333	9.583333333	0	0.416666667	0.416666667	0.416666667	1.666666667	2.5	0	0.416666667	0	0.416666667	1.25	0.833333333	0.416666667	0.416666667	0.416666667	0.416666667	0	7.5	0.416666667	0.833333333	1.25	35	4.166666667	46.11111111	80.41666667	25.83333333	7.083333335	15
YCL028W	RNQ1	QGQGQGQGQGQGQGQGQGQGSFTALASLASSFMNSNNNNQQGQNQSSGGSSFGALASMASSFMHSNNNQNSNNSQQGYNQSYQNGNQNSQGYNNQQYQGGNGGYQQQQGQSGGAFSSLASMAQSYLGGGQTQSNQQQYNQQGQNNQQQYQQQGQNYQHQQQGQQQQQGHSSSFSALASMASSYLGNNSNSNSSYGGQQQANEYGRPQQNGQQQSNEYGRPQYGGNQNSNGQHESFNFSGNFSQQNNNGNQNRY	CAAGGTCAGGGACAAGGTCAAGGTCAAGGTCAAGGTCAAGGACAAGGTCAAGGTCAAGGTTCTTTTACTGCTTTGGCGTCTTTGGCTTCATCTTTCATGAATTCCAACAACAATAATCAGCAAGGTCAAAATCAAAGCTCCGGTGGTTCCTCCTTTGGAGCACTGGCTTCTATGGCAAGCTCTTTTATGCATTCCAATAATAATCAGAACTCCAACAATAGTCAACAGGGCTATAACCAATCCTATCAAAACGGTAACCAAAATAGTCAAGGTTACAATAATCAACAGTACCAAGGTGGCAACGGTGGTTACCAACAACAACAGGGACAATCTGGTGGTGCTTTTTCCTCATTGGCCTCCATGGCTCAATCTTACTTAGGTGGTGGACAAACTCAATCCAACCAACAGCAATACAATCAACAAGGCCAAAACAACCAGCAGCAATACCAGCAACAAGGCCAAAACTATCAGCATCAACAACAGGGTCAGCAGCAGCAACAAGGCCACTCCAGTTCATTCTCAGCTTTGGCTTCCATGGCAAGTTCCTACCTGGGCAATAACTCCAATTCAAATTCGAGTTATGGGGGCCAGCAACAGGCTAATGAGTATGGTAGACCGCAACAGAATGGTCAACAGCAATCCAATGAGTACGGAAGACCGCAATACGGCGGAAACCAGAACTCCAATGGACAGCACGAATCCTTCAATTTTTCTGGCAACTTTTCTCAACAGAACAATAACGGCAACCAGAACCGCTACTGA	33.33333333	21.52230971	19.94750656	25.19685039	5.138339921	1.185770751	16.2055336	0	0	26.87747036	1.185770751	16.60079051	1.581027668	0	2.766798419	0	1.976284585	3.557312253	0.790513834	15.41501976	0.790513834	0	5.928853755	0	0.790513834	0	0	2.371541502	0	0.395256917	0.395256917	3.162055336	0	0.790513834	0.395256917	0	0	0	0.790513834	3.557312253	0.790513834	0	0	7.90513834	0.395256917	0.395256917	0	0	0	0	0	3.95256917	0	9.090909091	6.719367589	0	1.976284585	0.790513834	0	1.976284585	8.300395257	1.185770751	0	0	3.95256917	0	0	0	1.185770751	0.790513834	0	1.581027668	0.395256917	1.976284585	0	1.976284585	0.790513834	0.790513834	0.395256917	9.090909091	0	0	3.162055336	17.78656126	0	45.14435696	49.01185771	26.87747036	26.08695652	16.2055336
YDR172W	SUP35	MSDSNQGNNQQNYQQYSQNGNQQQGNNRYQGYQAYNAQAQPAGGYYQNYQGYSGYQQGGYQQYNPDAGYQQQYNPQGGYQQYNPQGGYQQQFNPQGGRGNYKNFNYNNNLQGYQAGFQPQSQGMSLNDFQKQQKQ	ATGTCGGATTCAAACCAAGGCAACAATCAGCAAAACTACCAGCAATACAGCCAGAACGGTAACCAACAACAAGGTAACAACAGATACCAAGGTTATCAAGCTTACAATGCTCAAGCCCAACCTGCAGGTGGGTACTACCAAAATTACCAAGGTTATTCTGGGTACCAACAAGGTGGCTATCAACAGTACAATCCCGACGCCGGTTACCAGCAACAGTATAATCCTCAAGGAGGCTATCAACAGTACAATCCTCAAGGCGGTTATCAGCAGCAATTCAATCCACAAGGTGGCCGTGGAAATTACAAAAACTTCAACTACAATAACAATTTGCAAGGATATCAAGCTGGTTTCCAACCACAGTCTCAAGGTATGTCTTTGAACGACTTTCAAAAGCAACAAAAGCAG	37.28395062	19.50617284	18.27160494	24.9382716	4.444444444	1.481481481	15.55555556	2.222222222	0	28.88888889	0	15.55555556	0	0	1.481481481	2.222222222	1.481481481	2.962962963	4.444444444	4.444444444	0	0	14.81481481	0	0	0	0	0.740740741	0	0	0	2.222222222	0.740740741	0	0	0	0	0	0.740740741	2.222222222	0	0	0.740740741	8.148148148	1.481481481	0	0	0	1.481481481	0	0	9.62962963	0	8.148148148	0	1.481481481	0	0	0	1.481481481	7.407407407	0.740740741	0	0.740740741	3.703703704	0	0	1.481481481	2.222222222	0	0	1.481481481	1.481481481	0.740740741	0	5.185185185	0	0.740740741	0.740740741	8.148148148	0	0.740740741	2.222222222	20.74074074	2.222222222	43.20987654	42.22222222	24.44444444	28.14814815	14.81481481
YER040W	GLN3	PQYNHGSLGNSVSKSSLFPYNSSTSNSNINQPSINNNSNTNAQSHHSFNIYKLQNNNSSSSAMNITNNNNSNNSNIQ	CCGCAATACAACCACGGTTCCCTCGGCAACAGCGTCTCCAAATCCTCACTGTTCCCGTATAATTCCAGCACGTCCAACAGCAACATCAACCAGCCATCTATCAATAACAACTCAAATACTAATGCGCAGTCCCACCATTCCTTCAACATCTACAAACTACAAAACAACAACTCATCTTCATCCGCTATGAACATTACCAATAATAATAATAGCAACAATAGTAATATCCAG	36.7965368	21.64502165	9.090909091	32.46753247	2.597402597	0	29.87012987	0	0	6.493506494	0	2.597402597	3.896103896	6.493506494	3.896103896	2.597402597	1.298701299	2.597402597	3.896103896	24.67532468	3.896103896	0	3.896103896	1.298701299	1.298701299	1.298701299	0	0	1.298701299	1.298701299	0	1.298701299	2.597402597	0	0	0	5.194805195	0	0	2.597402597	1.298701299	0	0	16.88311688	0	0	0	1.298701299	0	0	0	2.597402597	1.298701299	1.298701299	10.38961039	0	1.298701299	1.298701299	0	1.298701299	12.98701299	0	1.298701299	0	1.298701299	0	0	1.298701299	2.597402597	2.597402597	0	0	0	5.194805195	0	1.298701299	2.597402597	5.194805195	0	3.896103896	1.298701299	0	0	2.597402597	0	41.55844156	42.85714286	12.98701299	50.64935065	11.68831169
YLR403W	SFP1	NTTNMSQIPMNSAGNTSSSVRMTNNTSSANYNLQNNMAANTKNAGHKTNTMQAHSSNATNNTSINNMHANLQSNMDSNSTIRQSQHPHHQQNIIQQQLQSNSVNHTSGAVPTPSVMGSATASSTTANPNVISITGAPNSGLSMANHSQQLHLNGNLVDAVSTNDVFLRTSNSPSRHVPHNKQINSNNNSGININNNTSHNSNINMGSKNAMVNRPHTFNNYSLNKTSRN	AACACTACCAATATGTCACAAATACCGATGAACTCTGCTGGTAACACTAGTTCATCAGTTCGTATGACAAATAATACCTCTTCTGCCAACTATAACCTGCAGAATAACATGGCCGCTAATACAAAAAATGCAGGTCATAAGACTAATACTATGCAGGCTCATAGCAGCAATGCAACTAATAACACCTCCATTAATAATATGCATGCCAATCTTCAGAGCAACATGGATTCCAACTCCACAATACGACAATCTCAGCATCCTCACCATCAGCAGAATATAATACAACAACAGTTGCAATCGAATTCTGTAAATCATACATCAGGGGCTGTACCCACACCGAGTGTAATGGGTTCAGCAACTGCGTCGTCCACAACTGCAAATCCAAATGTGATATCTATAACGGGTGCCCCCAACTCGGGCTTATCTATGGCTAATCACTCTCAACAACTACATCTGAATGGTAATCTAGTCGATGCCGTTTCAACGAATGATGTGTTTTTAAGAACGAGCAATTCTCCATCAAGACACGTTCCGCACAATAAACAAATTAACAGTAACAATAATAGTGGTATCAATATCAATAATAATACCTCACACAATTCTAATATTAACATGGGTAGTAAAAACGCCATGGTGAATCGTCCACATACTTTTAATAACTATTCCTTGAACAAAACGTCCAGGAAT	36.09898108	25.0363901	14.70160116	24.16302766	6.986899563	2.620087336	21.83406114	1.310043668	0	6.550218341	0	3.930131004	5.676855895	4.80349345	3.930131004	2.183406114	4.80349345	0.873362445	3.930131004	15.72052402	9.6069869	0	0.873362445	4.366812227	0.873362445	1.310043668	0	0.873362445	0	0.436681223	0	2.183406114	1.746724891	0	0	1.310043668	0.873362445	0	0.873362445	4.366812227	3.493449782	1.310043668	0.873362445	6.986899563	0.436681223	0.873362445	0	0.873362445	0.436681223	0.436681223	0.436681223	0	1.746724891	3.056768559	2.620087336	0	2.183406114	3.493449782	1.310043668	4.80349345	14.84716157	1.746724891	1.746724891	1.310043668	0.436681223	2.620087336	2.620087336	1.310043668	0	1.310043668	0	0.873362445	2.620087336	3.493449782	0.436681223	0.873362445	2.183406114	1.746724891	1.310043668	3.056768559	0.436681223	0.873362445	0	3.493449782	0.436681223	38.86462882	48.0349345	23.1441048	20.52401747	17.03056769
YMR070W	MOT3	MNADHHLQQQQQQRQQHQQQQHQQQQHQHQHQQQQHTILQNVSNTNNIGSDSLASQPFNTTTVSSNKDDVMVNSGARELPMPLHQQQYIYPYYQYTSNNSNNNNVTAGNNMSASPIVHNNSNNSNNSNISASDYTVANNSTSNNNNNNNNNNNNNNNIHPNQFTAAANMNSNAAAAAYYSFPTANMPIPQQDQQYMFNPASYISHYYSAVNSNNNGNNAANNGSNNSSHSAPAPAPGPPHHHHHHSNTHNNLNNGGAVNTNNAPQHHPTIITDQFQFQLQQNPSPNLNLNINPAQ	ATGAATGCGGACCATCACCTGCAACAGCAGCAGCAACAGCGACAACAGCATCAACAACAACAGCATCAACAACAACAGCATCAGCATCAGCATCAACAGCAGCAGCACACGATATTACAAAATGTGTCGAACACTAACAATATCGGCAGCGATTCGCTGGCGTCACAGCCTTTCAACACGACTACTGTTTCCTCTAACAAGGACGACGTTATGGTGAACTCTGGGGCAAGAGAACTTCCAATGCCCTTACATCAGCAGCAGTATATATACCCTTACTATCAGTATACAAGTAATAACAGTAACAACAATAATGTGACGGCTGGTAACAATATGTCTGCGTCGCCGATTGTCCATAACAACAGCAACAACAGCAACAACAGCAATATTTCTGCTTCTGATTACACTGTCGCAAACAACAGTACTAGCAATAATAACAATAATAATAATAATAACAACAATAATAACAATAATATTCACCCAAACCAGTTTACTGCGGCCGCAAATATGAACTCAAATGCTGCAGCGGCTGCTTATTACTCCTTCCCCACTGCGAATATGCCAATACCGCAACAGGATCAACAATATATGTTCAATCCTGCTTCATACATAAGCCATTACTATTCAGCAGTTAACAGCAATAACAATGGTAATAACGCCGCTAACAATGGCAGCAACAACTCTTCTCACTCAGCCCCAGCCCCGGCCCCCGGTCCACCCCATCACCATCACCATCATAGTAATACACACAACAACCTCAACAATGGTGGTGCTGTAAATACAAACAACGCTCCTCAGCACCATCCAACGATAATAACGGATCAATTTCAATTCCAACTACAACAAAACCCTTCTCCAAATTTGAATCTCAATATTAACCCGGCACAA	36.38418079	21.01694915	14.23728814	28.36158192	8.813559322	0.677966102	23.38983051	2.372881356	0	13.55932203	0.338983051	2.711864407	7.457627119	3.728813559	3.050847458	0.338983051	2.372881356	2.033898305	6.779661017	10.16949153	5.084745763	0	4.06779661	3.050847458	0.677966102	1.355932203	0	0.677966102	0.677966102	2.033898305	0.338983051	3.050847458	0	0	0	1.016949153	0.338983051	0	0.338983051	2.711864407	2.372881356	1.016949153	0	12.20338983	0.338983051	0.677966102	0	0.338983051	0.338983051	0	0.338983051	2.033898305	1.694915254	1.694915254	0.677966102	1.016949153	1.355932203	4.745762712	0.338983051	2.372881356	11.18644068	2.033898305	0	1.355932203	0.677966102	2.033898305	1.016949153	2.372881356	1.355932203	1.355932203	0	0.338983051	1.694915254	1.694915254	0.338983051	2.033898305	2.711864407	2.711864407	1.016949153	6.779661017	0.677966102	1.355932203	0	6.779661017	1.694915254	42.59887006	50.16949153	22.03389831	28.13559322	17.9661017
YMR216C	SKY1	SMPCGSSSNSKSRSIEKDLSKRCFRRPRRHTIITGSQPLPSPISSSNFFEMRAHFCGSSHNSFSSVSGNRNIPSSINNNSINNGIGIKNSNNSFLNSVPHSVTRMFINEDSNDNNNNDNSKNKNNNNNNSNNNNNEDIM	AGTATGCCCTGCGGCTCAAGCTCAAATTCCAAATCTCGTTCTATAGAGAAGGACTTGTCAAAAAGATGCTTTAGAAGACCTAGACGTCATACAATTATCACAGGGTCGCAACCATTACCTTCCCCAATTAGTTCATCAAATTTCTTTGAAATGAGGGCGCACTTTTGTGGTAGTAGTCACAATAGCTTTTCCTCCGTATCTGGGAATAGGAACATTCCATCTTCCATCAATAATAACAGTATTAATAATGGCATAGGCATTAAGAATAGCAACAATAGTTTCTTAAATTCAGTACCACATTCTGTGACCAGGATGTTCATAAATGAAGACAGTAATGATAACAACAATAATGATAATAGTAAAAATAAAAATAACAACAATAACAACAGTAACAACAATAATAACGAGGACATAATG	38.36930456	26.85851319	15.82733813	18.94484412	0.71942446	6.474820144	23.74100719	3.597122302	2.158273381	0.71942446	2.877697842	4.316546763	2.877697842	7.913669065	2.158273381	4.316546763	2.877697842	5.035971223	5.035971223	20.86330935	2.158273381	0	0	2.158273381	0	3.597122302	0	2.877697842	0	0.71942446	1.438848921	0	2.877697842	1.438848921	0	0.71942446	1.438848921	0.71942446	2.877697842	3.597122302	0	0	1.438848921	8.633093525	1.438848921	1.438848921	0	0	1.438848921	2.158273381	0	0	0	0.71942446	3.597122302	2.158273381	6.474820144	1.438848921	1.438848921	2.877697842	15.10791367	0	0.71942446	1.438848921	2.158273381	2.877697842	1.438848921	2.877697842	2.158273381	0	1.438848921	0.71942446	0	4.316546763	0	0	1.438848921	2.158273381	0.71942446	0	0	0.71942446	0	0.71942446	1.438848921	34.77218225	25.17985612	30.9352518	26.61870503	12.23021583
YNL229C	URE2	MMNNNGNQVSNLSNALRQVNIGNRNSNTTTDQSNINFEFSTGVNNNNNNNSSSNNNNVQNNNSGRNGSQNNDNENNIKNTLEQHRQQQQ	ATGATGAATAACAACGGCAACCAAGTGTCGAATCTCTCCAATGCGCTCCGTCAAGTAAACATAGGAAACAGGAACAGTAATACAACCACCGATCAAAGTAATATAAATTTTGAATTTTCAACAGGTGTAAATAATAATAATAATAACAATAGCAGTAGTAATAACAATAATGTTCAAAACAATAACAGCGGCCGCAATGGTAGCCAAAATAATGATAACGAGAATAATATCAAGAATACCTTAGAACAACATCGACAACAACAACAG	46.06741573	20.59925094	14.98127341	18.35205993	1.123595506	4.494382022	37.07865169	2.247191011	0	11.23595506	3.370786517	5.617977528	1.123595506	3.370786517	3.370786517	1.123595506	2.247191011	2.247191011	0	11.23595506	5.617977528	0	0	4.494382022	0	0	0	2.247191011	2.247191011	1.123595506	2.247191011	0	0	1.123595506	1.123595506	1.123595506	1.123595506	0	0	0	0	1.123595506	1.123595506	12.35955056	0	1.123595506	0	0	1.123595506	1.123595506	1.123595506	0	0	2.247191011	1.123595506	0	4.494382022	1.123595506	2.247191011	2.247191011	24.71910112	0	3.370786517	2.247191011	2.247191011	2.247191011	2.247191011	0	0	0	0	0	0	1.123595506	0	0	0	3.370786517	1.123595506	1.123595506	0	0	1.123595506	10.11235955	0	33.33333333	28.08988764	29.21348315	26.96629213	10.11235955
YNL016W	PUB1	RGMPPSSMGMPIGAMPLPSQGQPQQSQTIGLPPQVNPQAVDHIIRSAPPRVTTAYIGNIPHFATEADLIPLFQNFGFILDFKHYPEKGCCFIKYDTH	AGGGGCATGCCACCAAGTTCAATGGGAATGCCAATTGGCGCCATGCCATTACCATCTCAAGGCCAACCCCAACAATCCCAGACCATTGGTTTACCTCCTCAAGTAAATCCTCAAGCTGTTGACCACATCATTAGAAGTGCCCCACCAAGAGTTACTACTGCCTATATCGGTAATATTCCGCACTTTGCCACTGAAGCTGATTTAATTCCGTTGTTCCAGAACTTCGGTTTTATTTTAGATTTCAAGCACTATCCAGAAAAGGGCTGTTGCTTCATAAAGTATGACACTCAT	28.17869416	27.49140893	17.5257732	26.80412371	6.18556701	3.092783505	3.092783505	4.12371134	2.06185567	8.24742268	2.06185567	8.24742268	4.12371134	9.278350515	5.154639175	3.092783505	4.12371134	6.18556701	14.43298969	5.154639175	5.154639175	0	3.092783505	3.092783505	0	6.18556701	0	2.06185567	0	0	2.06185567	2.06185567	0	0	0	0	2.06185567	1.030927835	2.06185567	1.030927835	4.12371134	2.06185567	0	1.030927835	0	4.12371134	0	0	3.092783505	1.030927835	0	0	0	3.092783505	1.030927835	2.06185567	2.06185567	1.030927835	1.030927835	4.12371134	2.06185567	0	1.030927835	2.06185567	4.12371134	1.030927835	0	8.24742268	4.12371134	2.06185567	1.030927835	1.030927835	4.12371134	1.030927835	0	3.092783505	3.092783505	0	0	2.06185567	0	1.030927835	1.030927835	6.18556701	3.092783505	44.32989691	41.2371134	30.92783505	24.74226804	13.40206186
YOR104W	PIN2	SQSPIFDISDYGENYYYDNNNINNNLQGNSYNTPSSNHRSPYPTENYQSYQGYKPNQSDRYY	TCACAATCTCCAATTTTTGACATCAGCGATTATGGCGAGAACTATTATTACGATAATAATAACATCAATAATAACCTCCAGGGAAACAGTTACAATACTCCCTCCTCTAATCATAGAAGTCCATATCCAACCGAAAATTATCAATCATATCAGGGATATAAACCAAACCAAAGCGATAGATATTACTAA	40.74074074	25.92592593	11.11111111	22.22222222	0	3.225806452	19.35483871	6.451612903	0	8.064516129	3.225806452	4.838709677	1.612903226	4.838709677	1.612903226	1.612903226	0	1.612903226	8.064516129	14.51612903	3.225806452	0	17.74193548	0	0	1.612903226	0	1.612903226	1.612903226	0	1.612903226	0	1.612903226	1.612903226	0	0	3.225806452	0	3.225806452	3.225806452	1.612903226	0	0	8.064516129	0	0	0	0	0	0	0	4.838709677	0	0	1.612903226	1.612903226	3.225806452	1.612903226	0	0	11.29032258	0	1.612903226	4.838709677	1.612903226	0	0	6.451612903	0	0	0	0	0	3.225806452	0	12.90322581	0	3.225806452	0	3.225806452	0	1.612903226	3.225806452	4.838709677	0	33.33333333	30.64516129	24.19354839	29.03225807	4.838709678
YOR274W	MOD5	KITLKFDTLFLWLYSKPEPLFQ	AAAATAACTTTGAAGTTTGATACCCTATTTTTATGGCTATACAGTAAGCCGGAGCCACTTTTCCAA	31.81818182	33.33333333	15.15151515	19.6969697	0	0	0	4.545454545	0	4.545454545	4.545454545	0	0	4.545454545	22.72727273	13.63636364	0	13.63636364	9.090909091	4.545454545	9.090909091	4.545454545	4.545454545	0	0	0	0	9.090909091	0	0	0	0	4.545454545	4.545454545	0	0	0	0	0	0	4.545454545	0	0	0	0	4.545454545	4.545454545	9.090909091	9.090909091	0	0	4.545454545	0	0	0	0	4.545454545	0	0	0	0	0	4.545454545	4.545454545	0	4.545454545	0	4.545454545	4.545454545	4.545454545	0	4.545454545	0	0	4.545454545	0	0	0	0	0	0	0	0	4.545454545	0	34.84848485	36.36363636	18.18181818	13.63636364	27.27272727
YPL226W	NEW1	MPPKKFKDLNSFLDDQPKDPNLVASPFGGYFKNPAADAGSNNASKKSSYQQQRNWKQGGNYQQGGYQSYNSNYNNYNNYNNYNNYNNYNNYNKYNGQGYQKSTYKQSAVTPNQSGTPTPSASTTSLTSLNEKLSNLELTPISQFLSKIPECQS	ATGCCTCCAAAGAAGTTTAAGGATCTAAACTCTTTCCTTGACGACCAACCAAAGGACCCAAATCTAGTCGCTTCTCCCTTCGGTGGTTATTTTAAAAACCCTGCTGCTGATGCCGGTAGTAATAACGCTTCCAAAAAAAGTAGCTACCAACAACAGCGTAATTGGAAACAGGGGGGCAACTACCAACAAGGTGGTTACCAATCGTATAACAGTAATTACAACAATTACAACAACTACAACAACTACAACAATTATAACAACTACAATAACTATAATAAATACAATGGCCAGGGCTATCAAAAATCTACTTACAAACAATCGGCTGTGACGCCCAACCAAAGTGGAACTCCAACTCCATCTGCTTCTACTACATCTTTGACCTCTTTGAATGAAAAGCTGTCGAACTTAGAGTTAACACCCATCTCTCAATTTTTGTCAAAGATACCTGAATGTCAAAGT	36.16557734	24.61873638	14.81481481	24.40087146	4.575163399	0.653594771	16.99346405	3.267973856	0.653594771	9.150326797	1.960784314	6.535947712	0	1.307189542	5.882352941	8.496732026	0.653594771	3.267973856	7.189542484	12.41830065	5.22875817	0.653594771	9.803921569	1.307189542	0.653594771	0	0	1.960784314	0	0	1.307189542	3.921568627	4.575163399	0.653594771	0	0.653594771	0.653594771	0.653594771	0	5.22875817	2.614379085	0	0.653594771	10.45751634	0.653594771	1.307189542	0.653594771	1.307189542	3.921568627	0	0	6.535947712	0.653594771	3.267973856	0.653594771	1.960784314	3.267973856	0	0	0.653594771	6.535947712	0	0.653594771	1.307189542	1.960784314	0.653594771	1.307189542	3.267973856	1.307189542	0	0	1.960784314	0.653594771	0.653594771	0.653594771	3.267973856	0	0.653594771	1.960784314	1.960784314	0.653594771	1.960784314	0.653594771	7.189542484	1.960784314	39.21568627	37.90849673	23.52941176	28.10457516	14.37908497
YPL016W	SWI1	MDFFNLNNNNNNNNTTTTTTTTNNNNTNNNNTNNNNNPANNTNNNNSTGHSSNTNNNTNNNNTNTGASGVDDFQNFFDPKPFDQNLDSNNNNSNSNNNDNNNSNTVASSTNFTSPTAVVNNAAPANVTGGKAANFIQNQSPQFNSPYDSNNSNTNLNSLSPQAILAKNSIIDSSNLPLQAQQQLYGGNNNNNSTGIANDNVITPHFITNVQSISQNSSSSTPNTNSNSTPNANQQFLPFNNSASNNGNLTSNQLISNYAASNSMDRSSSASNEFVPNTSDNNNNSNNHNMRNNSNNKTSNNNNVTAVPAATPANTNNSTSNAN	ATGGATTTCTTTAATTTGAATAATAATAATAATAATAATAATACTACTACTACTACTACTACTACCAATAACAATAATACTAATAATAATAATACTAATAATAATAATAATCCTGCTAATAATACCAATAACAACAATAGCACAGGCCATAGTAGTAATACTAATAACAATACTAATAACAACAATACGAATACCGGAGCCAGTGGTGTAGACGATTTTCAGAATTTTTTCGACCCAAAACCTTTTGACCAGAATTTGGATTCCAACAATAACAACAGTAATAGTAATAACAATGATAACAATAACAGTAACACGGTAGCCTCCAGCACGAACTTTACTTCTCCAACAGCAGTCGTTAATAATGCCGCTCCTGCTAATGTTACCGGTGGAAAAGCTGCTAATTTCATTCAGAACCAGTCTCCCCAATTCAATTCTCCATATGACTCAAACAATTCCAACACAAATTTAAACAGCCTGTCTCCTCAGGCTATTTTAGCCAAGAATTCAATCATTGATTCTTCCAATTTACCTCTTCAAGCTCAACAACAGCTATATGGCGGTAACAATAATAATAATAGCACCGGAATTGCGAACGATAATGTAATAACACCCCATTTTATCACCAATGTTCAATCCATCAGTCAAAATTCCTCATCTTCTACTCCGAACACAAACTCTAACTCTACTCCGAATGCAAATCAACAATTTTTGCCATTCAATAACAGTGCTTCCAATAATGGTAATTTGACGTCTAACCAGCTTATTTCTAATTACGCTGCTTCAAATTCAATGGACAGATCATCCTCTGCAAGCAATGAATTTGTTCCGAACACAAGTGACAACAACAACAACAGTAATAACCATAATATGCGTAATAACAGCAATAATAAAACGAGCAATAACAATAATGTCACTGCCGTGCCTGCTGCAACTCCCGCTAATACCAATAATTCAACTTCAAACGCAAAT	38.39009288	27.24458204	11.24871001	23.11661507	7.120743034	0.619195046	33.74613003	3.715170279	0	4.643962848	0.309597523	2.786377709	0.92879257	2.786377709	3.405572755	1.238390093	0.92879257	4.024767802	4.953560372	13.93188854	10.83591331	0	0.92879257	3.095975232	0.309597523	1.547987616	0	2.476780186	0	0.309597523	0.309597523	3.715170279	0.92879257	0	0	0.309597523	0.92879257	0	0.309597523	3.715170279	5.263157895	1.238390093	0.309597523	10.52631579	0	0.92879257	0	0.309597523	0.309597523	0	0	0.309597523	1.547987616	1.238390093	2.476780186	1.857585139	3.095975232	0.92879257	0.92879257	0.92879257	23.21981424	1.547987616	2.167182663	1.857585139	0.619195046	0.309597523	1.857585139	1.238390093	1.547987616	0.92879257	0	1.238390093	1.547987616	2.476780186	0.619195046	0.619195046	0	2.167182663	0	2.167182663	0.619195046	0.92879257	0.92879257	2.476780186	1.857585139	34.36532508	38.6996904	22.91021672	25.69659443	8.049535604
